<annotation>
	<folder>test</folder>
	<filename>002.jpg</filename>
	<path>D:\RESEARCH\Dasarnya\MLDL_FOLDER\OBJECT_DETECTION\img_labelling\windows_v1.8.0\test\002.jpg</path>
	<source>
		<database>Unknown</database>
	</source>
	<size>
		<width>427</width>
		<height>640</height>
		<depth>3</depth>
	</size>
	<segmented>0</segmented>
	<object>
		<name>Zebra</name>
		<pose>Unspecified</pose>
		<truncated>0</truncated>
		<difficult>0</difficult>
		<bndbox>
			<xmin>233</xmin>
			<ymin>89</ymin>
			<xmax>351</xmax>
			<ymax>163</ymax>
		</bndbox>
	</object>
	<object>
		<name>Zebra</name>
		<pose>Unspecified</pose>
		<truncated>0</truncated>
		<difficult>0</difficult>
		<bndbox>
			<xmin>50</xmin>
			<ymin>182</ymin>
			<xmax>312</xmax>
			<ymax>333</ymax>
		</bndbox>
	</object>
	<object>
		<name>Zebra</name>
		<pose>Unspecified</pose>
		<truncated>1</truncated>
		<difficult>0</difficult>
		<bndbox>
			<xmin>18</xmin>
			<ymin>334</ymin>
			<xmax>364</xmax>
			<ymax>640</ymax>
		</bndbox>
	</object>
</annotation>
