<annotation>
	<folder>test</folder>
	<filename>011.jpg</filename>
	<path>D:\RESEARCH\Dasarnya\MLDL_FOLDER\OBJECT_DETECTION\img_labelling\windows_v1.8.0\test\011.jpg</path>
	<source>
		<database>Unknown</database>
	</source>
	<size>
		<width>640</width>
		<height>480</height>
		<depth>3</depth>
	</size>
	<segmented>0</segmented>
	<object>
		<name>Zebra</name>
		<pose>Unspecified</pose>
		<truncated>0</truncated>
		<difficult>0</difficult>
		<bndbox>
			<xmin>113</xmin>
			<ymin>107</ymin>
			<xmax>289</xmax>
			<ymax>329</ymax>
		</bndbox>
	</object>
	<object>
		<name>Zebra</name>
		<pose>Unspecified</pose>
		<truncated>0</truncated>
		<difficult>0</difficult>
		<bndbox>
			<xmin>321</xmin>
			<ymin>110</ymin>
			<xmax>595</xmax>
			<ymax>343</ymax>
		</bndbox>
	</object>
</annotation>
