<annotation>
	<folder>test</folder>
	<filename>025.jpg</filename>
	<path>D:\RESEARCH\Dasarnya\MLDL_FOLDER\OBJECT_DETECTION\img_labelling\windows_v1.8.0\test\025.jpg</path>
	<source>
		<database>Unknown</database>
	</source>
	<size>
		<width>640</width>
		<height>480</height>
		<depth>3</depth>
	</size>
	<segmented>0</segmented>
	<object>
		<name>Zebra</name>
		<pose>Unspecified</pose>
		<truncated>0</truncated>
		<difficult>0</difficult>
		<bndbox>
			<xmin>93</xmin>
			<ymin>123</ymin>
			<xmax>313</xmax>
			<ymax>424</ymax>
		</bndbox>
	</object>
</annotation>
