<annotation>
	<folder>test</folder>
	<filename>027.jpg</filename>
	<path>D:\RESEARCH\Dasarnya\MLDL_FOLDER\OBJECT_DETECTION\img_labelling\windows_v1.8.0\test\027.jpg</path>
	<source>
		<database>Unknown</database>
	</source>
	<size>
		<width>500</width>
		<height>333</height>
		<depth>3</depth>
	</size>
	<segmented>0</segmented>
	<object>
		<name>Zebra</name>
		<pose>Unspecified</pose>
		<truncated>0</truncated>
		<difficult>0</difficult>
		<bndbox>
			<xmin>34</xmin>
			<ymin>175</ymin>
			<xmax>221</xmax>
			<ymax>282</ymax>
		</bndbox>
	</object>
	<object>
		<name>Zebra</name>
		<pose>Unspecified</pose>
		<truncated>0</truncated>
		<difficult>0</difficult>
		<bndbox>
			<xmin>353</xmin>
			<ymin>118</ymin>
			<xmax>498</xmax>
			<ymax>265</ymax>
		</bndbox>
	</object>
</annotation>
