<annotation>
	<folder>test</folder>
	<filename>035.jpg</filename>
	<path>D:\RESEARCH\Dasarnya\MLDL_FOLDER\OBJECT_DETECTION\img_labelling\windows_v1.8.0\test\035.jpg</path>
	<source>
		<database>Unknown</database>
	</source>
	<size>
		<width>640</width>
		<height>428</height>
		<depth>3</depth>
	</size>
	<segmented>0</segmented>
	<object>
		<name>Zebra</name>
		<pose>Unspecified</pose>
		<truncated>0</truncated>
		<difficult>0</difficult>
		<bndbox>
			<xmin>64</xmin>
			<ymin>64</ymin>
			<xmax>230</xmax>
			<ymax>181</ymax>
		</bndbox>
	</object>
	<object>
		<name>Zebra</name>
		<pose>Unspecified</pose>
		<truncated>0</truncated>
		<difficult>0</difficult>
		<bndbox>
			<xmin>54</xmin>
			<ymin>128</ymin>
			<xmax>442</xmax>
			<ymax>405</ymax>
		</bndbox>
	</object>
</annotation>
